number,value,params_colsample_bytree,params_learning_rate,params_max_depth,params_min_child_samples,params_num_leaves,params_reg_alpha,params_reg_lambda,params_subsample,user_attrs_mae_per_fold,user_attrs_mape_per_fold,user_attrs_r2_per_fold,user_attrs_rmse_per_fold,state
0,12.069752636559794,0.5779972601681014,0.008468008575248327,10,62,244,21.42302175774105,0.0019517224641449498,0.5780093202212182,"[11.918205536916952, 11.901086024214228, 12.315107949719343, 11.980183082212333, 12.234180589736122]","[0.40439898729666884, 0.40939342914791377, 0.45776048230307986, 0.40866055596351, 0.39281625408276993]","[0.6059259989698083, 0.5957398583981026, 0.5513892409308153, 0.6131243867208178, 0.6073975642037615]","[18.650587508876338, 18.765658113408918, 19.035138952739786, 17.371726482466926, 18.81590167114929]",COMPLETE
1,12.192907932244022,0.6061695553391381,0.030834348179355788,3,98,185,0.008260808399079604,0.008111941985431923,0.9162213204002109,,,,,PRUNED
2,11.959118691148026,0.569746930326021,0.005670807781371429,7,32,141,0.06789053271698488,0.028888383623653185,0.8059264473611898,"[11.688871881357787, 11.788305349863233, 12.338059920304644, 11.737720144791735, 12.24263615942273]","[0.39322515792706153, 0.4019355369652923, 0.4613081581140804, 0.40054443488481367, 0.393833441777683]","[0.6176903309132808, 0.5968374802709727, 0.5547721293602385, 0.6208535675346845, 0.6041467030349599]","[18.370089251740374, 18.740165126316256, 18.963232957232716, 17.19732078533587, 18.893641616380467]",COMPLETE
3,12.141147375596352,0.5232252063599989,0.013481575603601416,4,54,204,0.007122305833333868,1.0907475835157696,0.7962072844310213,,,,,PRUNED
4,12.608374107210409,0.5488360570031919,0.0014492412389916862,12,82,243,0.15876781526924,2.6373339933815254,0.6523068845866853,,,,,PRUNED
5,12.887373666865871,0.831261142176991,0.002005873336344495,3,92,134,0.39841905944346884,0.03618723330959624,0.6293899908000085,,,,,PRUNED
6,11.938563647587998,0.9474136752138245,0.02260828676373495,12,79,59,40.679084943595456,0.9761125443110458,0.9697494707820946,,,,,PRUNED
7,13.119922469425882,0.6356745158869479,0.0016565580440884786,3,36,62,0.06078083099681954,13.921548533046511,0.6943386448447411,,,,,PRUNED
8,12.411922693892732,0.9934434683002586,0.0049648810171066555,4,82,145,0.009853225172032555,7.264803074826735,0.5372753218398854,,,,,PRUNED
9,12.706896510125446,0.5370223258670452,0.0010319982330247674,10,74,211,0.0037961668958008117,0.061991000078022655,0.8856351733429728,,,,,PRUNED
10,12.154518104062952,0.7275221354621345,0.2193905022254063,7,6,16,2.8175655804653634,62.92942010319489,0.7624859735707681,,,,,PRUNED
11,12.057983098408823,0.6891044542005276,0.0067503803992537414,8,32,253,47.622191863434864,0.0017101919636156055,0.5141901574167378,"[11.822662532633291, 11.898673087979127, 12.46945595909573, 11.8640752579449, 12.235048654391058]","[0.399677694257544, 0.4090967087468533, 0.46884739453726776, 0.4053092812559996, 0.3960331196746363]","[0.6091021481730176, 0.5963560485560933, 0.5494811796265684, 0.6154241884337317, 0.6057651518114886]","[18.575275649534277, 18.751350960301625, 19.075576763633425, 17.32001596421657, 18.854978669226234]",COMPLETE
12,11.963232680167705,0.6767207670761684,0.05460184020526564,7,25,132,2.421532434653723,0.0012738807434059557,0.787774089033195,"[11.643330250255538, 11.79371024124119, 12.241648364678692, 11.814786347726416, 12.322688196936689]","[0.38821876918555415, 0.4031110134394115, 0.45863888993018015, 0.4048787907602441, 0.39633188447773215]","[0.6158219796336962, 0.602121725651532, 0.5602041510379506, 0.6141378420743585, 0.597138516913442]","[18.41492195145974, 18.61694650021902, 18.847197078534634, 17.348958164302292, 19.06015436448884]",COMPLETE
13,11.941670214227477,0.7574852070104716,0.09139111864253588,6,18,125,1.7785625573909134,0.10946975844494064,0.7953438507680387,"[11.675152750205575, 11.87805993358933, 12.157035849430603, 11.706498794125732, 12.291603743786137]","[0.39238130408514266, 0.4071598772924828, 0.45278111111800695, 0.4050569201887829, 0.39727918531515927]","[0.6210015542099323, 0.5989401636912257, 0.5651924579244016, 0.6244982722692747, 0.6011143950741447]","[18.290363633828985, 18.691231823430634, 18.74000675975112, 17.114462934195654, 18.965867922223328]",COMPLETE
14,12.018726624899772,0.8169891335448936,0.16176246665678293,6,10,100,1.7627605626628478,0.20444372816806633,0.8649174147658507,,,,,PRUNED
15,11.991425542913955,0.8095341656888404,0.08586413857383297,6,20,170,0.0010948657642294213,0.14764054401669374,0.7304453570550351,"[11.817613749137989, 11.888479249154198, 12.223987648486814, 11.649129147776675, 12.37791792001411]","[0.40102156038111875, 0.40427463844229905, 0.4516885175439025, 0.39576594692948724, 0.40089361545845886]","[0.6152713654010721, 0.5951732548515152, 0.5604874541822942, 0.6271881303510828, 0.5963090332096724]","[18.428113606273016, 18.77880430853302, 18.841125704321733, 17.05305414171805, 19.079766511969236]",COMPLETE
16,11.882233531039592,0.7348800263080093,0.003603067925969024,9,43,99,0.09678798809836922,0.02531719958879676,0.8352725713024433,"[11.722209377154998, 11.750970198357718, 12.099186038921658, 11.71043947429523, 12.128362566468354]","[0.3937744310668057, 0.4004009341524529, 0.4496097600746775, 0.4014496019117983, 0.38866593756795814]","[0.6121070934650243, 0.5995521388378626, 0.5612618557995122, 0.6229331086164444, 0.608532857151835]","[18.50374113885892, 18.676965951924824, 18.824519772341414, 17.150094035320233, 18.788676896459283]",COMPLETE
17,11.881551907269264,0.7553518269000301,0.09247280974372847,9,49,92,0.664507019969916,0.010526255689039157,0.9902992288893502,,,,,PRUNED
18,12.083802124189164,0.8801319667426288,0.0035545030121162256,5,40,98,9.602701846744399,0.2328259258365436,0.8378552609026042,,,,,PRUNED
19,12.193421036186784,0.7507285077111834,0.29049461215272837,10,17,66,0.03528054133884448,0.010311513739599234,0.9095336881172504,,,,,PRUNED
20,11.907661318558834,0.8978310213101105,0.013988011132132916,9,47,23,0.3423598680734029,0.5888175073604673,0.7159288929998384,,,,,PRUNED
21,11.856089607425917,0.6503611901338694,0.0035137176288053016,7,30,157,0.047589211570198034,0.05050502311253713,0.8219637068265245,,,,,PRUNED
22,11.870402309761376,0.7099061982424126,0.04047816714834531,8,41,118,0.14121238711257011,0.02195117141379938,0.7661563058601674,,,,,PRUNED
23,11.999991900554036,0.7694879048686163,0.0027840587876262783,6,62,123,6.627450893195324,0.005632970282223703,0.8489648132291571,,,,,PRUNED
24,11.831714758018531,0.5983154467394163,0.010640473988621502,8,16,79,0.023327134526824087,0.1006351512243318,0.9374500208496674,"[11.65955010101284, 11.702372051170897, 12.005997541654436, 11.699522908064662, 12.091131188189811]","[0.39066116407927437, 0.39901216257773087, 0.4467094486718989, 0.4009577465752907, 0.3916559753757113]","[0.6189611310659476, 0.5986213520731597, 0.5640437298366642, 0.6222254575103181, 0.6105264024727022]","[18.33953268212836, 18.698659391039858, 18.76474525956435, 17.16617950252771, 18.740775191743676]",COMPLETE
25,11.936291045134707,0.6217550058005971,0.01321045273505863,9,15,42,0.02500448168886332,0.1312324008005944,0.9637958059966713,"[11.779537167531851, 11.773480412020001, 12.067259462335072, 11.789142958177544, 12.272035225609073]","[0.3983967198751025, 0.40369575305879873, 0.4483040844284108, 0.40497963513750496, 0.4035609932559954]","[0.6134803856669653, 0.5977897007046766, 0.5625828611532429, 0.6170180494929751, 0.6041095469447306]","[18.470956864980717, 18.718021057186874, 18.796158848727462, 17.284087598079484, 18.894528305193575]",COMPLETE
26,11.93693314733389,0.6163613902974522,0.013834143262733915,11,13,45,0.017668582633563377,0.43176604218308456,0.9416860695555195,,,,,PRUNED
27,11.857399043544888,0.5069487790895084,0.00893054764724508,9,25,35,0.0015975532764023696,0.004363074399943206,0.944462326231124,,,,,PRUNED
28,11.883106090331854,0.6652619626867369,0.022153302380146393,8,5,84,0.028750757099773667,0.08195857373159127,0.8906111998197862,"[11.596852223921971, 11.768339347042005, 12.166272318985136, 11.707559807590094, 12.176506754120068]","[0.3891450867611225, 0.4045187561751106, 0.46283452924641694, 0.40322314609783205, 0.4002416955737696]","[0.6173523529069977, 0.6022053718188691, 0.5623958522652259, 0.6227416074124841, 0.6036085575915862]","[18.37820742800299, 18.614989471931818, 18.800176378947896, 17.154448497143083, 18.90647979909991]",COMPLETE
29,11.871930869500089,0.6668417087999394,0.020821131857881835,8,5,78,0.14609011524220947,0.018465785479705434,0.8895164161417118,"[11.560873426746406, 11.697186969971243, 12.205856049750382, 11.75789543939905, 12.137842461633364]","[0.3862871386165068, 0.402037479852333, 0.4643488249123969, 0.405296533054552, 0.392039192818796]","[0.616398690686401, 0.6027482078821891, 0.5627830181582025, 0.6195094304186866, 0.6032814450507318]","[18.401094927193398, 18.60228399961126, 18.791857904609078, 17.22777749585404, 18.914279250094708]",COMPLETE
30,11.903364755047466,0.5840841832910942,0.008824071217480897,11,64,75,0.1383582441210817,0.0029782226273802827,0.9982399181414437,"[11.739699707924833, 11.774358405805028, 12.1159708893371, 11.68868495172013, 12.198109820450242]","[0.3939148123329862, 0.4012070100089089, 0.44940325965443034, 0.39860980027751597, 0.3894763793572454]","[0.6134145354360265, 0.5980675404136371, 0.558389476940067, 0.6224181705204244, 0.6047605032773204]","[18.472530219772345, 18.71155490258517, 18.886040456299508, 17.161800477801094, 18.878987929199894]",COMPLETE
31,11.879495666169364,0.6664204962281184,0.023849852053064342,8,5,80,0.018722033988054474,0.017203510183705892,0.8837277450320784,"[11.641112828104522, 11.790686303317774, 12.067469177029714, 11.743227855921731, 12.154982166473076]","[0.3905312169413714, 0.40918052475842004, 0.45777514583258205, 0.40513701457420126, 0.39953709439338536]","[0.6170938900792333, 0.5984907074863325, 0.5622661331594633, 0.6214102790315059, 0.6042167972912404]","[18.3844132437792, 18.701702253300233, 18.802962642947257, 17.184690489515333, 18.891968781521776]",COMPLETE
32,11.878515521201958,0.6951110227008407,0.024413277112990326,8,10,104,0.013349070589567613,0.018814928419742687,0.920347439817447,"[11.6809222085307, 11.755302393589055, 12.048810320232167, 11.747012917889373, 12.160529765768498]","[0.3929983296832053, 0.40266449046680586, 0.4568624550534532, 0.40275784799282127, 0.39474497112283924]","[0.6156486366946792, 0.5991641542063786, 0.5655143399143404, 0.6199263295566516, 0.6045296274283389]","[18.419075932859723, 18.686011600676153, 18.733068992047674, 17.218336770359198, 18.884501125708788]",COMPLETE
33,11.873095014460858,0.5853518185165894,0.024078064232367895,8,10,114,0.003130926507940934,0.014312604938291215,0.9226221738975879,"[11.680769990371514, 11.733528866045647, 12.062507787609231, 11.751089414620179, 12.137579013657717]","[0.3919236561101129, 0.402608510996606, 0.4574815394872777, 0.40145753614273155, 0.38988972713859993]","[0.614333166605759, 0.5980309860660242, 0.5648913916192015, 0.6163122897105102, 0.6034874219831313]","[18.45056931256483, 18.712405758388286, 18.746493547284807, 17.30000584076026, 18.90936844999309]",COMPLETE
34,11.859025167858011,0.5950169355656589,0.036052661359976666,8,24,113,0.002850577369661432,0.011588808091067474,0.926074127850352,"[11.688390543382642, 11.690916867197442, 12.015353381367227, 11.708779676031345, 12.191685371311396]","[0.39238535083863957, 0.39519791122839276, 0.44542963421811504, 0.3989939195521651, 0.3921274244707793]","[0.618215497528031, 0.5980914490368774, 0.561753794096689, 0.6248824100740752, 0.605025360735546]","[18.357467712567054, 18.71099837354807, 18.81396324832827, 17.105706656960233, 18.8726612857748]",COMPLETE
35,11.852970431283634,0.5787036827448274,0.03886078112253669,7,25,115,0.0035057091050494974,0.008738262215198186,0.9293032790969129,"[11.701857784982408, 11.80696373033325, 11.93785164095277, 11.617745321644112, 12.200433678505627]","[0.38864212075008403, 0.40640807880490454, 0.4415580813576305, 0.3939430660953204, 0.39141842041933256]","[0.6177576746713891, 0.595779014323381, 0.5675648943680209, 0.6254650812190334, 0.6064054190926705]","[18.36847123703786, 18.76474928710542, 18.68881136563171, 17.09241632427212, 18.839661490238118]",COMPLETE
36,11.865187793653856,0.5536325486658847,0.04269426299676102,7,25,52,0.005174010371787937,0.0032828483503499427,0.9464350663563955,"[11.693246017098156, 11.782909303125505, 11.954287928149935, 11.643141623074243, 12.252354096821447]","[0.38877564139400145, 0.40438012096488735, 0.440569302437636, 0.3959797525668617, 0.3967765019387042]","[0.6127538826364225, 0.5988091216708615, 0.5652509375194004, 0.6253277817450491, 0.6062278130888992]","[18.488307739127336, 18.694285154278717, 18.73874649543801, 17.095548962402365, 18.843911624475055]",COMPLETE
37,11.826937199440367,0.5559081714356554,0.046346103921737734,7,24,52,0.004899655143839863,0.003965786041024649,0.963106532471119,,,,,PRUNED
38,11.879451835211928,0.5941205396622954,0.06887604148797993,5,29,155,0.001817942791816232,0.006864247961954616,0.9397390689417838,,,,,PRUNED
39,11.853257376297213,0.5615765039746854,0.03780518509301818,5,23,31,0.009602863791308697,0.0023441048530315075,0.9811018827858434,,,,,PRUNED
40,11.866582457096134,0.5020560208860522,0.13021464758857787,7,36,66,0.006342777930554503,0.0010994146439537876,0.8689992437503543,,,,,PRUNED
41,11.82131780434964,0.6346245218164049,0.018688904601502587,8,19,110,0.002636365074197915,0.03627198566929368,0.9024184060305304,,,,,PRUNED
42,11.840389977672315,0.5389880591065701,0.03120676755170233,6,27,80,0.001033925646858889,0.0076590027415758865,0.9336701822056022,,,,,PRUNED
43,11.856456503595982,0.607136934759293,0.0592678532313762,10,36,54,0.0065659212863931355,0.05143145149232904,0.9616688921307609,,,,,PRUNED
44,11.850880742676894,0.5742046563019695,0.032034984685935956,7,12,86,0.0029047161905826845,0.002900475830558069,0.8706157532200457,,,,,PRUNED
45,11.8557113778835,0.52783097691369,0.01613202087724881,8,32,70,0.005024564764694462,0.027509669646235455,0.9060300987977977,,,,,PRUNED
46,11.832968116089683,0.6389135875458187,0.00982568190081875,7,21,144,0.28726355224940986,0.011068330433154078,0.9454240487969686,,,,,PRUNED
47,11.879857992985508,0.6088435881640019,0.04859229300211358,6,16,198,93.65039931672241,0.0017462917396300513,0.5764779065133137,,,,,PRUNED
48,12.044965005423588,0.5628290982823289,0.07181529104732481,9,93,135,0.012414751851663236,4.570761563927209,0.8556906123441818,,,,,PRUNED
49,11.86349645514379,0.654268609198057,0.03574113264515876,7,8,90,0.0674259134914043,1.7418586820329278,0.8877288655935912,"[11.647959292210588, 11.813844657004454, 11.872974563332493, 11.854434165351782, 12.12826959781963]","[0.38698850164961857, 0.4072591115996274, 0.44062019701653143, 0.40985109778566414, 0.39341477728265123]","[0.6186789489028672, 0.5970677775937332, 0.5663153395592382, 0.6178751515540797, 0.6021154070873536]","[18.3463221879538, 18.734811917438513, 18.715793273763413, 17.264736131488075, 18.942055346361393]",COMPLETE
50,11.869939054183618,0.5231465598225274,0.11086060790912801,7,22,109,0.06937736203225253,27.655689803265005,0.9690634132749897,,,,,PRUNED
51,11.772901695008102,0.6555418618203314,0.03369630977596942,7,9,91,0.5621498280410846,2.5686902849902697,0.8866302580586896,,,,,PRUNED
52,11.82953107937263,0.5940715789836407,0.011084828964469357,8,14,56,0.04616038596603186,82.14627397323507,0.815763048966185,,,,,PRUNED
53,11.911978794094676,0.6285699883660141,0.01909378580768598,6,8,94,0.2035248036310644,1.7256042467881518,0.9201539831853413,,,,,PRUNED
54,11.883599561360432,0.6990862416495975,0.04489614087454469,8,27,231,0.09026251038550018,0.27381931891772476,0.8960688584024266,"[11.620011459280143, 11.759256701506608, 12.068780727973978, 11.837334610169151, 12.132614307872279]","[0.387417354850965, 0.4013438671889881, 0.4458432083882442, 0.41120793971442976, 0.3869026872397869]","[0.6180591971041821, 0.6021170633970787, 0.5628786625612132, 0.6212830442862662, 0.6058860527562274]","[18.361225049964233, 18.617055574643356, 18.789802364212388, 17.187577924012103, 18.85208729680844]",COMPLETE
55,11.837103447407653,0.6733079412416689,0.006873532170389425,9,17,127,0.008438036892818402,8.96483846562826,0.8761178036159926,"[11.682005538637977, 11.683669239759974, 11.96783468585595, 11.74640236885048, 12.105605403933888]","[0.3904769662352545, 0.39811849578940034, 0.44561036153787364, 0.4007767873901869, 0.3897919087926565]","[0.6159407101225378, 0.6028398014206335, 0.5666654470022543, 0.6192950756239615, 0.6090783734489447]","[18.412076159244197, 18.600139330571302, 18.708237251955733, 17.232629569787594, 18.775581157966133]",COMPLETE
56,11.76053851817929,0.6425047847415535,0.06154738837381091,9,17,126,0.0021903360434128278,18.814313147579334,0.8366789123656196,,,,,PRUNED
57,11.864893151840828,0.551775490119496,0.006733063572464507,10,33,157,0.017679492019137114,0.8462959408882823,0.9861037562064223,"[11.654701842046725, 11.67422836512688, 12.099230049694812, 11.741757532046451, 12.154547970289272]","[0.38871084521412513, 0.3957466182857537, 0.4517574359860785, 0.40238622747744973, 0.3887540218144777]","[0.6177078655717232, 0.6019795275514566, 0.5601296584344925, 0.6211041444589469, 0.6049571737278132]","[18.369667974226157, 18.62027296726268, 18.84879317969752, 17.191637013041472, 18.87429026981293]",COMPLETE
58,11.873090752643206,0.7225936861135912,0.006389694681803622,11,34,160,0.019929579256191918,11.356835428025718,0.9806197369067515,"[11.684042106418588, 11.745707493049018, 12.007022230811677, 11.738330817285528, 12.19035111565122]","[0.38925581730808556, 0.40126890099223844, 0.44561388202232516, 0.4007873312952657, 0.39053206749666625]","[0.6119194492852138, 0.6000287871068628, 0.5662501811527656, 0.6180390384151517, 0.6051792359477395]","[18.50821621362935, 18.665847158418032, 18.71719918637115, 17.261033458309903, 18.868984698259194]",COMPLETE
59,11.863792037782634,0.5789890313614467,0.005488982550968912,10,31,137,0.007909329645998088,1.1200170135579417,0.9964362584599255,"[11.693455904501757, 11.660358309775107, 12.073427570377106, 11.744830985114266, 12.146887419144935]","[0.3883671004570796, 0.3970383519586226, 0.45090251635089423, 0.40318488707522177, 0.3890575980537047]","[0.6143864134892156, 0.6026830296573338, 0.5622043124994545, 0.6203170600800787, 0.6058272119974263]","[18.44929558464605, 18.603810001689027, 18.804290356668012, 17.20948393439146, 18.853494541755175]",COMPLETE
60,11.884339159050826,0.576451445888091,0.005355972049813455,10,39,134,0.008995532763349193,4.90454992464026,0.9177284354669317,"[11.721605233962734, 11.713290740875035, 12.113832714673627, 11.689045260668596, 12.183921845074146]","[0.3929721712955139, 0.40047942496162303, 0.4505899689362722, 0.3984088707194738, 0.39210334821511367]","[0.6141158349314203, 0.6006735708823882, 0.5598395137983828, 0.6206883687331868, 0.605180246615487]","[18.45576722954601, 18.65079571291745, 18.85500861886448, 17.201066920265106, 18.86896054769747]",COMPLETE
61,11.851811547966742,0.5417724205125434,0.004471090480612246,10,29,171,0.033168377563188106,0.8993670025195033,0.9990385968601342,"[11.650816881219619, 11.642585984589681, 12.108776336927066, 11.735357221349817, 12.12152131574753]","[0.3877596401483721, 0.397651249826155, 0.45569427150126723, 0.4010863761800158, 0.38903402768430506]","[0.6174905009911187, 0.6024905331942294, 0.5621128670583573, 0.6208024635604704, 0.6064042726524741]","[18.37488956708865, 18.608316144437914, 18.806254145816904, 17.198479733106826, 18.839688927772247]",COMPLETE
62,11.80309585579667,0.5994507118299462,0.004118026133028965,11,19,185,0.03778444857818145,1.8519363237110964,0.9666154528195822,"[11.65395618640625, 11.629186859912505, 11.924949465012324, 11.744762927489193, 12.062623840163075]","[0.3863573865266672, 0.3976278891066013, 0.4459858836714429, 0.40389423510734423, 0.38656024599005573]","[0.6150650746391011, 0.6016662667214372, 0.5647333468084645, 0.6204636917042652, 0.608126589198837]","[18.433053503900016, 18.627599041306947, 18.749897889295895, 17.206160505816246, 18.79842389312162]",COMPLETE
63,11.81177650787514,0.623886847693091,0.0020097385462125267,11,19,181,0.030836627690222714,0.5135234450192471,0.958207969475013,"[11.674037954613528, 11.643295541251195, 11.943964570560523, 11.738103626250012, 12.059480846700433]","[0.39020168596335353, 0.39845564537283784, 0.44826284821866125, 0.4021113020057899, 0.3879767146890262]","[0.6148795138887155, 0.6019298254183132, 0.5663070771792429, 0.620526814844614, 0.6084744803347697]","[18.437495864024513, 18.62143551851382, 18.715971555673672, 17.204729612349855, 18.79007775766403]",COMPLETE
64,11.790168990719836,0.5997575339100196,0.0022733820844631054,12,20,182,0.03694535296978483,0.33199211920045235,0.9603486055497532,"[11.640526243075312, 11.62221458886541, 11.91819373951112, 11.744439560102677, 12.025470822044662]","[0.38695603648262195, 0.39619661167315817, 0.4466545612536262, 0.40332549778756444, 0.38397209741766014]","[0.6170349673399179, 0.6025457256813338, 0.565572797135913, 0.6215830253973056, 0.6090680692909072]","[18.385827713658824, 18.607024257090472, 18.731808743319156, 17.180769448641215, 18.775828605622515]",COMPLETE
65,11.807809409271748,0.6189137475804853,0.0017586878571994164,12,19,180,0.04124520458548493,0.38483696821362845,0.9532260815385202,"[11.690778996511373, 11.644360896257052, 11.910850341904382, 11.713290606596207, 12.079766205089731]","[0.39365660073104075, 0.3988543181398226, 0.44612022722442507, 0.40059195011937165, 0.390985649713409]","[0.6149461883673288, 0.6024804547301295, 0.5665142371582486, 0.6210843745476835, 0.6075542051170816]","[18.435899787369163, 18.60855204077895, 18.711501038422934, 17.192085517161882, 18.812147703017942]",COMPLETE
66,11.800453660568968,0.6765813814636218,0.0021314764527461624,12,18,180,0.03763232781113888,0.358923927019475,0.9624740012111964,"[11.709753294180382, 11.621437327686802, 11.901446882591669, 11.766506230016004, 12.003124568369975]","[0.3902903388320769, 0.3955910687661945, 0.4434210664181977, 0.40577262894975874, 0.3851523301631104]","[0.6132734601364047, 0.6018667589222545, 0.567259236269295, 0.620727595591996, 0.6090161235909965]","[18.475900470682543, 18.622910562681444, 18.695415105025376, 17.200177465245087, 18.77707599817918]",COMPLETE
67,11.805868423308437,0.684898603303948,0.0019971490720637726,12,20,186,0.04453990992810745,0.4832589798965304,0.9610458889729194,"[11.696266626029267, 11.629619094088287, 11.907448227135635, 11.74550783868544, 12.050500330603564]","[0.39025386218223385, 0.3971852304727396, 0.4440280222352259, 0.4042319913980816, 0.38624397822742357]","[0.614590996388058, 0.6024940896380377, 0.5668530572530024, 0.6215248436865533, 0.6080241592492277]","[18.444400903474513, 18.608232901667254, 18.70418698982675, 17.182090171819823, 18.800880548446678]",COMPLETE
68,11.805947895911675,0.6851295836819966,0.00203086175144668,12,13,189,0.044808701990911456,0.3373625593313333,0.9565925109778121,,,,,PRUNED
69,11.9523841187451,0.618454223315119,0.001181208411524296,12,18,209,0.09793205721906582,0.533020490826347,0.9757963238425706,,,,,PRUNED
70,11.798341023112002,0.7766453347320771,0.002127452184635093,11,20,224,0.028260729406923896,0.1615046917584681,0.9504836455477585,"[11.679868802252598, 11.620202551516543, 11.910726961065697, 11.76367427707933, 12.017232523645841]","[0.3887046579095559, 0.39520561196521087, 0.4422607541579817, 0.4057706931627256, 0.3834756498542332]","[0.6145519359545426, 0.6034244527763499, 0.56546867029835, 0.6213008590869192, 0.6097598150469854]","[18.445335531409313, 18.586443847324322, 18.73405350047374, 17.187173668445098, 18.759209535440796]",COMPLETE
71,11.801120608200504,0.7787738648352206,0.0021917449208370843,11,20,227,0.026523691390900276,0.1656003013430727,0.9568059389696797,"[11.682544512571974, 11.636881578096203, 11.90623257032621, 11.740298894458896, 12.039645485549242]","[0.38807576514370384, 0.39551398275760585, 0.4416588808346187, 0.40347779148914775, 0.3852645578932602]","[0.6142492202400529, 0.6016520343529993, 0.5653816821673131, 0.6212920297690336, 0.6090118863959477]","[18.452577229542403, 18.627931818150135, 18.735928576721133, 17.187374025561045, 18.77717774395783]",COMPLETE
72,11.820848715037247,0.8373445151148179,0.0021832127827925455,11,20,220,0.034559561967060136,0.1863488180937051,0.9515290938871496,"[11.696096232244454, 11.638450879680777, 11.993876032795232, 11.759328895504899, 12.016491534960878]","[0.38808723872189677, 0.3945193547691426, 0.4472938896377415, 0.4044899437916269, 0.38313112350731837]","[0.6127899043973584, 0.6016585292144558, 0.5644975064063087, 0.6204526932366548, 0.6089005687152874]","[18.48744782490251, 18.627779958042925, 18.75497682722727, 17.2064098100645, 18.779850565774538]",COMPLETE
73,11.766348651982472,0.803175279106537,0.0014985819777991176,12,21,179,0.053565922241401796,0.3309593368428154,0.9728225855275068,,,,,PRUNED
74,11.83190058324541,0.7804062709117483,0.002666342222215826,11,12,192,0.013276076165985447,0.1559190896498686,0.9594514921685793,"[11.701645801585162, 11.676393997637641, 12.024745022276143, 11.719465932078657, 12.037252162649448]","[0.38930558910585805, 0.3999521634245944, 0.45547552831179805, 0.39925871444252775, 0.3871564076978348]","[0.6132269656726648, 0.5976528637692027, 0.5671977654290549, 0.6161372079905685, 0.6089386483225157]","[18.477011076211546, 18.721204837951827, 18.696742900050218, 17.303952500037898, 18.77893628837571]",COMPLETE
75,11.801104788054925,0.736518355705265,0.0025456641664248084,12,20,182,0.026461059725745067,0.6073234619498603,0.9863437300007469,"[11.69400226654396, 11.639284164515447, 11.890835104472018, 11.768121079457888, 12.01328132528531]","[0.3860891142784263, 0.3941299974744706, 0.4418735990071636, 0.4023953936823693, 0.3846828456009994]","[0.6132853259912834, 0.6005550930475385, 0.565333431922128, 0.6187955645635701, 0.6101386877104773]","[18.475617022285768, 18.653562299168392, 18.7369685559645, 17.243931061880122, 18.750100942998035]",COMPLETE
76,11.813776251487619,0.7425246307205391,0.0025896224315302935,12,28,246,0.09258952384506787,0.7099215286655366,0.9762903498506812,"[11.664316798623036, 11.630461760716548, 11.946073141157001, 11.746217625047281, 12.081811931894226]","[0.38709277692814037, 0.3936014691817081, 0.44372814230102137, 0.40441869333670233, 0.38664368115933945]","[0.6144392827684718, 0.6030978893088716, 0.5653643910357797, 0.6209705736487046, 0.6069668444925886]","[18.448030802452585, 18.594094854277156, 18.73630127406266, 17.194666999396045, 18.82622019875771]",COMPLETE
77,11.82965190546571,0.7154669558211176,0.0016889582302498794,12,22,224,0.026450731966846695,0.0760667691752666,0.9893862690384677,"[11.752360984107915, 11.642539491682047, 11.877251560350354, 11.763170005240568, 12.11293748594767]","[0.3947919482055306, 0.39786057112683926, 0.441118196079421, 0.4045074729346073, 0.39165325606966833]","[0.6108932021119353, 0.6017745733410909, 0.5657975710292618, 0.6210789171723653, 0.6057772327558002]","[18.53267178617824, 18.625066454592414, 18.726962170274287, 17.192209322197947, 18.854689770751833]",COMPLETE
78,11.81896765960971,0.7698643649927833,0.003911682415922328,11,15,200,0.19418848009405948,1.3564778812649738,0.9302580468862269,"[11.669868823930292, 11.63308279663041, 12.002586859231492, 11.788346288613953, 12.00095352964241]","[0.38892970805376276, 0.39604377601975865, 0.45085118306693645, 0.4042048006909631, 0.3868785692531013]","[0.6143962598094173, 0.6021132532462212, 0.5657198833851691, 0.6169505439107663, 0.608654060469276]","[18.44906003948139, 18.617144713450173, 18.72863741251737, 17.285610804309588, 18.785768061956023]",COMPLETE
79,11.810765098773919,0.7891389162496729,0.003043951432058728,12,26,170,0.04328474420648877,0.24737711546006513,0.9092158908272344,"[11.621010612052714, 11.604020986506642, 12.061844040281592, 11.71171353880543, 12.055236316223212]","[0.3878093830067869, 0.39435786849124915, 0.45190950589592227, 0.4008332736357657, 0.38560691802598823]","[0.6176062963884121, 0.6056365534479593, 0.5637950992441998, 0.62161399301268, 0.6085134189901028]","[18.372108082319105, 18.534533712272196, 18.770095365808196, 17.18006644325132, 18.78914336320285]",COMPLETE
80,11.835487042960537,0.8212326129590549,0.0012991355220649573,12,12,214,0.06687805578635779,0.11301949332683163,0.9478886732069085,,,,,PRUNED
81,11.791645196951247,0.7854894269237851,0.0029611386525296426,12,27,172,0.04777999285483099,0.3740291713947748,0.905805326053354,"[11.639558974131843, 11.607991323922572, 11.961907688763329, 11.69725443492712, 12.051513563011387]","[0.3883522886563592, 0.3943919470781852, 0.4455747447381819, 0.3997157583641692, 0.3846499870533639]","[0.6159037990850129, 0.6057214074715869, 0.5655836026780816, 0.6216042351548163, 0.6083861727454853]","[18.41296090871364, 18.532539594429494, 18.731575782990507, 17.18028796249698, 18.792196665415073]",COMPLETE
82,11.833335510609462,0.7907995935873059,0.0017045354588373425,12,23,180,0.022654159514194524,0.3536300363014242,0.937200079773969,"[11.743037364646954, 11.651309055805484, 11.92330956376074, 11.760363059824975, 12.088658509009164]","[0.3960017762358117, 0.39760135918499506, 0.44190916861869994, 0.40492558403062745, 0.3908234325843464]","[0.6127340269918442, 0.6022301655076929, 0.5640667643413864, 0.6208474302649049, 0.6062882948443942]","[18.488781717490642, 18.614409346641576, 18.764249519105363, 17.19745997188887, 18.84246439602614]",COMPLETE
83,11.806139065453733,0.734700024662001,0.002402385754038942,11,20,164,0.01607299866761639,0.185175965464337,0.6664556102257825,"[11.617237882861442, 11.629591785351808, 11.97149792639898, 11.709284254692797, 12.103083477963636]","[0.38912327853175543, 0.39717278179484666, 0.44696756217210115, 0.40234954144146573, 0.3884063899482656]","[0.6181332700371943, 0.6062163743441066, 0.56384219337965, 0.6230451561580762, 0.6078623727452513]","[18.359444491653072, 18.52090331233324, 18.769082097419663, 17.147545722678608, 18.804760143333333]",COMPLETE
84,11.78655035715269,0.73464849828946,0.0023532872735619755,11,15,164,0.01484978059312041,0.2020154402274311,0.667309560738174,"[11.578051279138895, 11.57657855049011, 11.988645526623898, 11.688849435080932, 12.100626994429616]","[0.3879228946146106, 0.39495634763208415, 0.4524588050391744, 0.4006800764577264, 0.3913857942065585]","[0.6208157002829504, 0.6070013092417431, 0.5655972330302671, 0.6213535214027223, 0.6069314305862675]","[18.29484771457403, 18.502435105196525, 18.731281917497345, 17.185978593333346, 18.827068339647994]",COMPLETE
85,11.77996006086345,0.7590765090207777,0.003117594769033309,11,16,236,0.011260931956660348,0.5732634338329332,0.7689608928109108,"[11.60973059058129, 11.635686589553043, 11.911156885488491, 11.721075993220667, 12.022150245473766]","[0.38730613959459315, 0.39787781359102037, 0.4463906604469537, 0.40276167559742065, 0.38647971497882383]","[0.617208404954759, 0.604376941860375, 0.5665753871446848, 0.620203091753329, 0.6090213364997009]","[18.381663945492726, 18.564110110771736, 18.7101812160807, 17.212066601035094, 18.77695082228947]",COMPLETE
86,11.77923349731078,0.760847999014138,0.0031062509557506068,11,14,244,0.012585543898090204,0.6990581825463215,0.6366608572705431,"[11.606916365032333, 11.589746359447165, 11.910412182684208, 11.694419274026, 12.094673305364196]","[0.38952555278968165, 0.39466028396408487, 0.44627073268919354, 0.40005360852095356, 0.38974075170140193]","[0.6187385713948863, 0.6063610359478415, 0.5650694835980135, 0.621171778782851, 0.6065933473521219]","[18.344887837284546, 18.51750105089814, 18.74265664109244, 17.190102558886885, 18.835163298846034]",COMPLETE
87,11.781650263679587,0.7643414685589429,0.002345120081554835,11,15,236,0.01079151424128264,0.7051346091019123,0.6300253620357171,"[11.621401281727817, 11.591170365434456, 11.94430293000359, 11.693095026174953, 12.058281715057126]","[0.3894544581577608, 0.39541768896252266, 0.44707197034913443, 0.4014087341484628, 0.38727372997459597]","[0.6188164270226306, 0.605822907505221, 0.5637206511937424, 0.6216303878113514, 0.6079521868143709]","[18.343014679428848, 18.53015400400643, 18.7716970642134, 17.17969424822249, 18.802606526046947]",COMPLETE
88,11.79654289588513,0.7598924107235632,0.00310033000270031,11,15,237,0.013176349852999663,0.7148654319861426,0.6142329986169027,"[11.592651732929912, 11.60736849235184, 12.003569981438103, 11.700344379458002, 12.078779893247791]","[0.38856700682480605, 0.39575903125683987, 0.45166984137621824, 0.40199339263220124, 0.39216132617772853]","[0.6188737082022674, 0.6050588797796033, 0.5635471250852397, 0.622596225540845, 0.6095123422599142]","[18.341636407817195, 18.548103674326025, 18.775429828228756, 17.15775353376438, 18.765156716535735]",COMPLETE
89,11.822438760041992,0.8397792965070795,0.0031213686074179447,11,7,237,0.004715367594259444,0.2642485288199273,0.6250402068954017,"[11.59199893072906, 11.613298365510918, 12.013616713410336, 11.8215951214831, 12.071684669076546]","[0.3874946176409109, 0.40010750133376854, 0.45880836032020395, 0.41047170028634306, 0.394191101621822]","[0.6208798336858243, 0.6046332312496592, 0.5645297852458455, 0.6156117285867098, 0.6069579427488071]","[18.29330049801456, 18.558096109398196, 18.75428176794002, 17.315792356748158, 18.826433393544637]",COMPLETE
90,11.79055472708973,0.7620388064896554,0.0032458076270990214,11,11,251,0.012918486980608365,0.7589152576205838,0.6072591314101177,"[11.634816944361996, 11.589321210007151, 11.916191993335774, 11.7172250212275, 12.095218466516233]","[0.39288110005088134, 0.39651290110269954, 0.4480441795366999, 0.4015760528213112, 0.39024939197678427]","[0.6187370177195413, 0.6055763785861317, 0.5663072509237531, 0.6202804832174695, 0.6077339217514954]","[18.344925215798035, 18.535947725757115, 18.715967806710445, 17.210312854661478, 18.807839792140413]",COMPLETE
91,11.763319138599346,0.7590942605524558,0.0036523849683385815,11,11,251,0.011295300857770679,0.7186911881186822,0.6156944160106467,"[11.623726336090924, 11.602880379947543, 11.879431084608994, 11.652094958679188, 12.058462933670087]","[0.39060117831310487, 0.39614193767650874, 0.44444914585331474, 0.39676132879393294, 0.3890183717572251]","[0.6187132255630137, 0.6052996684340618, 0.5664381576580133, 0.6200104379138327, 0.607165179196149]","[18.34549760092782, 18.54244858595694, 18.713142959927783, 17.216431500064537, 18.82146950034514]",COMPLETE
92,11.787228369297836,0.7514321128071929,0.00328505564125206,11,10,255,0.011506403792575918,0.7519569495455788,0.6116593817978249,"[11.583740143387738, 11.629895795951034, 11.932761950034992, 11.711842045348423, 12.077901911766984]","[0.3884032064912624, 0.3987605813735108, 0.45024153638758296, 0.40112132944585016, 0.3899392122744093]","[0.6192816111900874, 0.6041541245025936, 0.5661782437269347, 0.6194130656735832, 0.6066994640616445]","[18.33181865011364, 18.56933708583163, 18.718751246160515, 17.22995894977015, 18.832622848220243]",COMPLETE
93,11.803066308583661,0.7562364363561483,0.003542737899467805,10,10,252,0.012228761861482498,1.0762814825128788,0.6200232816897712,"[11.60524303207437, 11.625628745158561, 12.00819572121654, 11.704082722250083, 12.072181322218745]","[0.3878230293864197, 0.39624641596476556, 0.45403180082230504, 0.39935346835091, 0.38939575667462645]","[0.6190469675401488, 0.6044519342720576, 0.5655628122471534, 0.6193886382361209, 0.607254671409303]","[18.337466896171644, 18.562350565494103, 18.73202400832863, 17.230511881247196, 18.819325506467774]",COMPLETE
94,11.806003673157857,0.747430348948254,0.0030744864380163783,11,14,242,0.009881026294864355,0.6705996781343703,0.595326891599458,"[11.577988778236465, 11.588442626861399, 12.023949901909127, 11.734276520171047, 12.105360538611253]","[0.3875929756135573, 0.3930864722373516, 0.45359334179259103, 0.40357136306087976, 0.390737056934358]","[0.6205581131592681, 0.6070267480909817, 0.5629583766677134, 0.6222230351250675, 0.6072670493726056]","[18.30106067902238, 18.50183626315798, 18.788089017744777, 17.16623453936675, 18.81902894437146]",COMPLETE
95,11.741534086842693,0.7629593103697155,0.004678821592657396,11,11,238,0.015219475564290172,1.3300551170813737,0.6553620048081701,"[11.561362715716854, 11.581146618038956, 11.842138608958802, 11.682921259159201, 12.040101232339644]","[0.3875558095918639, 0.39350148514836997, 0.44170167523072174, 0.39873343593220956, 0.3886479944717405]","[0.6190804394123653, 0.606369994615374, 0.5660468610270477, 0.6209600138598241, 0.6069841531828641]","[18.336661281332752, 18.517290333598183, 18.721585513770318, 17.1949065200983, 18.825805652557754]",COMPLETE
96,11.746978763182014,0.8671770966589412,0.0042687242640583895,10,11,255,0.010474701761694943,2.7593807721789116,0.6525162925779251,,,,,PRUNED
97,11.748258339359083,0.8010952539803902,0.003718463580294532,11,6,247,0.0066986284457251615,2.4407417110074103,0.6958934033411672,,,,,PRUNED
98,11.771120183436631,0.7636337839097332,0.005131574424295235,11,8,236,0.003796908279193922,1.3656081144426442,0.567115903609092,"[11.605574148420954, 11.603192925087331, 11.900396243959909, 11.712045564913408, 12.034392034801549]","[0.3879846270485201, 0.3981934632907013, 0.44673859628571555, 0.3989230344027253, 0.3865516097179368]","[0.617439039325232, 0.6053925515461162, 0.5674604798732387, 0.619631222915384, 0.6081300446445141]","[18.37612557642643, 18.54026670070358, 18.69106750186101, 17.225020026767435, 18.79834101294401]",COMPLETE
99,11.817848492480826,0.7650392256977414,0.004440693002156261,10,8,235,0.004181784039032171,1.3069245154943852,0.5566575152404992,"[11.62824846128535, 11.581708677053456, 12.078143027996258, 11.754376993211618, 12.04676530285744]","[0.3917715035002006, 0.396113337974522, 0.4590414975543062, 0.40274598057923783, 0.388862953588368]","[0.6172290612855653, 0.6052864945935763, 0.5633010242443994, 0.6195381279952834, 0.6082274004699526]","[18.38116797998744, 18.54275802732561, 18.78072249344017, 17.22712780197684, 18.79600574627691]",COMPLETE
